ifc_guid,collection_url
0$Vh0Lqobias_KBLtKaojR,https://domenicoandreucci.github.io/hbim-tachara/collections/0$Vh0Lqobias_KBLtKaojR.html
0$Wk1_2RXC8u2WP5BeUabo,https://domenicoandreucci.github.io/hbim-tachara/collections/0$Wk1_2RXC8u2WP5BeUabo.html
00xDXEn85_POJ3C0zB1IBD,https://domenicoandreucci.github.io/hbim-tachara/collections/00xDXEn85_POJ3C0zB1IBD.html
02eYZIj5twPe0yBasJeNMw,https://domenicoandreucci.github.io/hbim-tachara/collections/02eYZIj5twPe0yBasJeNMw.html
04ZtIci89BNPPdNr3UjPxf,https://domenicoandreucci.github.io/hbim-tachara/collections/04ZtIci89BNPPdNr3UjPxf.html
04ova_VXP0RA4eI_unIUvX,https://domenicoandreucci.github.io/hbim-tachara/collections/04ova_VXP0RA4eI_unIUvX.html
05L0IcDgAMdX5Tnb_N2GUg,https://domenicoandreucci.github.io/hbim-tachara/collections/05L0IcDgAMdX5Tnb_N2GUg.html
05LSF73RT54gnTvs6YUp54,https://domenicoandreucci.github.io/hbim-tachara/collections/05LSF73RT54gnTvs6YUp54.html
066FYPWC50QSkmFIxQf2d_,https://domenicoandreucci.github.io/hbim-tachara/collections/066FYPWC50QSkmFIxQf2d_.html
07js5ZnUIqfriQM46P87YO,https://domenicoandreucci.github.io/hbim-tachara/collections/07js5ZnUIqfriQM46P87YO.html
0ABXb6OWH4NwFsKAOc73mO,https://domenicoandreucci.github.io/hbim-tachara/collections/0ABXb6OWH4NwFsKAOc73mO.html
0AJndAVKL9sAKS_iBTt8uI,https://domenicoandreucci.github.io/hbim-tachara/collections/0AJndAVKL9sAKS_iBTt8uI.html
0AgaPElvHKeDmGOodMhhci,https://domenicoandreucci.github.io/hbim-tachara/collections/0AgaPElvHKeDmGOodMhhci.html
0BCI4QoZ5A5BYHp82ULhdw,https://domenicoandreucci.github.io/hbim-tachara/collections/0BCI4QoZ5A5BYHp82ULhdw.html
0CHrVPBWLBAuKWVElR5KyV,https://domenicoandreucci.github.io/hbim-tachara/collections/0CHrVPBWLBAuKWVElR5KyV.html
0EEN1dKzQxbJ8nPO9Mmn4l,https://domenicoandreucci.github.io/hbim-tachara/collections/0EEN1dKzQxbJ8nPO9Mmn4l.html
0FCJpIkwD7jQTcl4jYo3yx,https://domenicoandreucci.github.io/hbim-tachara/collections/0FCJpIkwD7jQTcl4jYo3yx.html
0FuS3OK3Hwv2QDDZDX_PSp,https://domenicoandreucci.github.io/hbim-tachara/collections/0FuS3OK3Hwv2QDDZDX_PSp.html
0GXiC9weH6YPj44GeKoUHb,https://domenicoandreucci.github.io/hbim-tachara/collections/0GXiC9weH6YPj44GeKoUHb.html
0GitN3X$tHOgkRe_udk1uw,https://domenicoandreucci.github.io/hbim-tachara/collections/0GitN3X$tHOgkRe_udk1uw.html
0HNaRSel96UwoPreRMDYlI,https://domenicoandreucci.github.io/hbim-tachara/collections/0HNaRSel96UwoPreRMDYlI.html
0HP7Uz5Sj0MxlkEazJJfiE,https://domenicoandreucci.github.io/hbim-tachara/collections/0HP7Uz5Sj0MxlkEazJJfiE.html
0Hf6SuFIb9X8H4WES3We0j,https://domenicoandreucci.github.io/hbim-tachara/collections/0Hf6SuFIb9X8H4WES3We0j.html
0Hghymo3PEuOxua$pEA2un,https://domenicoandreucci.github.io/hbim-tachara/collections/0Hghymo3PEuOxua$pEA2un.html
0I3oCzYy$UL_nV09y72Yxr,https://domenicoandreucci.github.io/hbim-tachara/collections/0I3oCzYy$UL_nV09y72Yxr.html
0InUOoebn3yxUu3aUzC1SI,https://domenicoandreucci.github.io/hbim-tachara/collections/0InUOoebn3yxUu3aUzC1SI.html
0Iw5Rx3hbIuaGZ7pgSBXMR,https://domenicoandreucci.github.io/hbim-tachara/collections/0Iw5Rx3hbIuaGZ7pgSBXMR.html
0J9Z3mA7oUdW0Qm8F1MANP,https://domenicoandreucci.github.io/hbim-tachara/collections/0J9Z3mA7oUdW0Qm8F1MANP.html
0K5irybwXAJy8iB4FOMPIR,https://domenicoandreucci.github.io/hbim-tachara/collections/0K5irybwXAJy8iB4FOMPIR.html
0KXKOWiQD39h38AQ33vHgk,https://domenicoandreucci.github.io/hbim-tachara/collections/0KXKOWiQD39h38AQ33vHgk.html
0KoKPPH7pwpXx7Uw0tMO6S,https://domenicoandreucci.github.io/hbim-tachara/collections/0KoKPPH7pwpXx7Uw0tMO6S.html
0KrNGNwZxkLvt2WzU4UMBJ,https://domenicoandreucci.github.io/hbim-tachara/collections/0KrNGNwZxkLvt2WzU4UMBJ.html
0LV5MwxyE7ye0dcoLWgmTZ,https://domenicoandreucci.github.io/hbim-tachara/collections/0LV5MwxyE7ye0dcoLWgmTZ.html
0MHyw0wyD0wvGyXp74Vbj4,https://domenicoandreucci.github.io/hbim-tachara/collections/0MHyw0wyD0wvGyXp74Vbj4.html
0Mjk$4roT6qf4dcD_31Fu$,https://domenicoandreucci.github.io/hbim-tachara/collections/0Mjk$4roT6qf4dcD_31Fu$.html
0N1A366DP5Nguj_sthRDe6,https://domenicoandreucci.github.io/hbim-tachara/collections/0N1A366DP5Nguj_sthRDe6.html
0NFgtjjZrCD8Fgaudz4$AE,https://domenicoandreucci.github.io/hbim-tachara/collections/0NFgtjjZrCD8Fgaudz4$AE.html
0NUilRKZZQ5LWstkcd6cKq,https://domenicoandreucci.github.io/hbim-tachara/collections/0NUilRKZZQ5LWstkcd6cKq.html
0Nr$lK$5quYmtOg2FMTmpz,https://domenicoandreucci.github.io/hbim-tachara/collections/0Nr$lK$5quYmtOg2FMTmpz.html
0OX71LQw100RAi6vfI7FZC,https://domenicoandreucci.github.io/hbim-tachara/collections/0OX71LQw100RAi6vfI7FZC.html
0OhI58lZbE0euCO1tDmDhs,https://domenicoandreucci.github.io/hbim-tachara/collections/0OhI58lZbE0euCO1tDmDhs.html
0PMfR00Nn5QPvtuRlRTDvZ,https://domenicoandreucci.github.io/hbim-tachara/collections/0PMfR00Nn5QPvtuRlRTDvZ.html
0PpU$ORG8zAY$Wi4JzFOW0,https://domenicoandreucci.github.io/hbim-tachara/collections/0PpU$ORG8zAY$Wi4JzFOW0.html
0QA4PNIgjAjw0u4XnRSiHd,https://domenicoandreucci.github.io/hbim-tachara/collections/0QA4PNIgjAjw0u4XnRSiHd.html
0SvOS8hrT5Pu$FUO3gEDLb,https://domenicoandreucci.github.io/hbim-tachara/collections/0SvOS8hrT5Pu$FUO3gEDLb.html
0T$rn790rE7h_Hxe9fSZ7M,https://domenicoandreucci.github.io/hbim-tachara/collections/0T$rn790rE7h_Hxe9fSZ7M.html
0TytL4lvj94xx2ohwAB7QO,https://domenicoandreucci.github.io/hbim-tachara/collections/0TytL4lvj94xx2ohwAB7QO.html
0U7N_h4De$mRYsnWe9X8AR,https://domenicoandreucci.github.io/hbim-tachara/collections/0U7N_h4De$mRYsnWe9X8AR.html
0UKLf6$2TbKzhwsqa5jnzx,https://domenicoandreucci.github.io/hbim-tachara/collections/0UKLf6$2TbKzhwsqa5jnzx.html
0Vv8o3Lhk3bT_n1z4BkZdR,https://domenicoandreucci.github.io/hbim-tachara/collections/0Vv8o3Lhk3bT_n1z4BkZdR.html
0WhO6Wpe04aAsje4UYo6CD,https://domenicoandreucci.github.io/hbim-tachara/collections/0WhO6Wpe04aAsje4UYo6CD.html
0XbPINbG17Yv8OhGN_H9G8,https://domenicoandreucci.github.io/hbim-tachara/collections/0XbPINbG17Yv8OhGN_H9G8.html
0YTd1WSL1CtQdjIuyKDpiU,https://domenicoandreucci.github.io/hbim-tachara/collections/0YTd1WSL1CtQdjIuyKDpiU.html
0Ybgg6AMnc6eQhygAuzGa2,https://domenicoandreucci.github.io/hbim-tachara/collections/0Ybgg6AMnc6eQhygAuzGa2.html
0Z_UKQfzLFSxdCHEFPzXya,https://domenicoandreucci.github.io/hbim-tachara/collections/0Z_UKQfzLFSxdCHEFPzXya.html
0_ihiJ16nAAvZK1MXtIlXY,https://domenicoandreucci.github.io/hbim-tachara/collections/0_ihiJ16nAAvZK1MXtIlXY.html
0al$09bJTDevEbNFnihxLc,https://domenicoandreucci.github.io/hbim-tachara/collections/0al$09bJTDevEbNFnihxLc.html
0ani1kuEbCfRDoutqjAdIc,https://domenicoandreucci.github.io/hbim-tachara/collections/0ani1kuEbCfRDoutqjAdIc.html
0bErDUbhLFwuZ3Q_$rXsaB,https://domenicoandreucci.github.io/hbim-tachara/collections/0bErDUbhLFwuZ3Q_$rXsaB.html
0cHarIoWr4Yx6uPRfNW6Oc,https://domenicoandreucci.github.io/hbim-tachara/collections/0cHarIoWr4Yx6uPRfNW6Oc.html
0caefuQcr6wwCYRKrsnrrt,https://domenicoandreucci.github.io/hbim-tachara/collections/0caefuQcr6wwCYRKrsnrrt.html
0dAO_HMBD7MRhlLOJli6NW,https://domenicoandreucci.github.io/hbim-tachara/collections/0dAO_HMBD7MRhlLOJli6NW.html
0dxqwPHTD9tbFcyGEMh0Uh,https://domenicoandreucci.github.io/hbim-tachara/collections/0dxqwPHTD9tbFcyGEMh0Uh.html
0eEqBdBtlxMKtWkOojCqpO,https://domenicoandreucci.github.io/hbim-tachara/collections/0eEqBdBtlxMKtWkOojCqpO.html
0f5LJaKVH1VuvsMLaDgapB,https://domenicoandreucci.github.io/hbim-tachara/collections/0f5LJaKVH1VuvsMLaDgapB.html
0fYOqxEATCp87wwgifXzHw,https://domenicoandreucci.github.io/hbim-tachara/collections/0fYOqxEATCp87wwgifXzHw.html
0foDQiXFm_hGSRaUyFGvYp,https://domenicoandreucci.github.io/hbim-tachara/collections/0foDQiXFm_hGSRaUyFGvYp.html
0gO8UQgObrkUTziXVVpRxs,https://domenicoandreucci.github.io/hbim-tachara/collections/0gO8UQgObrkUTziXVVpRxs.html
0h10LlKkj4xxQJggF7L9WO,https://domenicoandreucci.github.io/hbim-tachara/collections/0h10LlKkj4xxQJggF7L9WO.html
0h1NxGTIzB88dnunZJYpny,https://domenicoandreucci.github.io/hbim-tachara/collections/0h1NxGTIzB88dnunZJYpny.html
0hFzeinVn3VPsgMJi_vSn$,https://domenicoandreucci.github.io/hbim-tachara/collections/0hFzeinVn3VPsgMJi_vSn$.html
0hH71ywfD109eWhXJ9JSPl,https://domenicoandreucci.github.io/hbim-tachara/collections/0hH71ywfD109eWhXJ9JSPl.html
0hUEimlFv0JeiGDhLt_eOa,https://domenicoandreucci.github.io/hbim-tachara/collections/0hUEimlFv0JeiGDhLt_eOa.html
0hc_EPCJh6InSDGQl$tFcr,https://domenicoandreucci.github.io/hbim-tachara/collections/0hc_EPCJh6InSDGQl$tFcr.html
0i$lH93c7aMzdzctQtJuJ7,https://domenicoandreucci.github.io/hbim-tachara/collections/0i$lH93c7aMzdzctQtJuJ7.html
0iYitu6gP5h81xtiV6ijaf,https://domenicoandreucci.github.io/hbim-tachara/collections/0iYitu6gP5h81xtiV6ijaf.html
0kYV5YaImztY7ff$D_uRmX,https://domenicoandreucci.github.io/hbim-tachara/collections/0kYV5YaImztY7ff$D_uRmX.html
0l0L97$0HCZf7AVHYFtQfP,https://domenicoandreucci.github.io/hbim-tachara/collections/0l0L97$0HCZf7AVHYFtQfP.html
0lR8yVRswGGSOgd3qxfkDg,https://domenicoandreucci.github.io/hbim-tachara/collections/0lR8yVRswGGSOgd3qxfkDg.html
0miaDZGnuL8NCkrdCnCdK5,https://domenicoandreucci.github.io/hbim-tachara/collections/0miaDZGnuL8NCkrdCnCdK5.html
0pCiS4nUT9xPvvI8xEjkdi,https://domenicoandreucci.github.io/hbim-tachara/collections/0pCiS4nUT9xPvvI8xEjkdi.html
0pjDe17bXEL9viE_3AYovR,https://domenicoandreucci.github.io/hbim-tachara/collections/0pjDe17bXEL9viE_3AYovR.html
0pwei7nOTDzQInUjiZMnT7,https://domenicoandreucci.github.io/hbim-tachara/collections/0pwei7nOTDzQInUjiZMnT7.html
0q8lE4umzBJOkdOgyzJ_rY,https://domenicoandreucci.github.io/hbim-tachara/collections/0q8lE4umzBJOkdOgyzJ_rY.html
0qGrIRCSjEhP1TNG4cHRBr,https://domenicoandreucci.github.io/hbim-tachara/collections/0qGrIRCSjEhP1TNG4cHRBr.html
0rVQIMPTb4TwJfG20lcX_a,https://domenicoandreucci.github.io/hbim-tachara/collections/0rVQIMPTb4TwJfG20lcX_a.html
0rYqrk1Gj8wAkNSyPRqoB9,https://domenicoandreucci.github.io/hbim-tachara/collections/0rYqrk1Gj8wAkNSyPRqoB9.html
0rdLOK6$zC_hWeSJLqhNdG,https://domenicoandreucci.github.io/hbim-tachara/collections/0rdLOK6$zC_hWeSJLqhNdG.html
0s4fDXOW8lzcsP3zw4YmkA,https://domenicoandreucci.github.io/hbim-tachara/collections/0s4fDXOW8lzcsP3zw4YmkA.html
0sAEPHoELDzBiZ_jVINdIS,https://domenicoandreucci.github.io/hbim-tachara/collections/0sAEPHoELDzBiZ_jVINdIS.html
0sgXbr7o1469bLd839MZCH,https://domenicoandreucci.github.io/hbim-tachara/collections/0sgXbr7o1469bLd839MZCH.html
0t5VLSEdz3KgFCcLaUkrv8,https://domenicoandreucci.github.io/hbim-tachara/collections/0t5VLSEdz3KgFCcLaUkrv8.html
0tcTz$dwX0Gfwodeoq$KoV,https://domenicoandreucci.github.io/hbim-tachara/collections/0tcTz$dwX0Gfwodeoq$KoV.html
0ujsIyHT7gMxrFSpNXgf4Y,https://domenicoandreucci.github.io/hbim-tachara/collections/0ujsIyHT7gMxrFSpNXgf4Y.html
0vBwg2sZr7ngibbZAgRzgX,https://domenicoandreucci.github.io/hbim-tachara/collections/0vBwg2sZr7ngibbZAgRzgX.html
0x7yNv7YTFh8f$veJVR3aR,https://domenicoandreucci.github.io/hbim-tachara/collections/0x7yNv7YTFh8f$veJVR3aR.html
0yAhl8oZMLY1Mf0USpcJzH,https://domenicoandreucci.github.io/hbim-tachara/collections/0yAhl8oZMLY1Mf0USpcJzH.html
0yn7upp6Gvwii_6gKunA$R,https://domenicoandreucci.github.io/hbim-tachara/collections/0yn7upp6Gvwii_6gKunA$R.html
0yxQgeHhz9DeP9ehmF5guL,https://domenicoandreucci.github.io/hbim-tachara/collections/0yxQgeHhz9DeP9ehmF5guL.html
0zi2tW5hj37vgiNjl4IE8T,https://domenicoandreucci.github.io/hbim-tachara/collections/0zi2tW5hj37vgiNjl4IE8T.html
0zlubFdYELEjwxD8ZfdQab,https://domenicoandreucci.github.io/hbim-tachara/collections/0zlubFdYELEjwxD8ZfdQab.html
1$w6XSAoK79VQbEKCkiXtg,https://domenicoandreucci.github.io/hbim-tachara/collections/1$w6XSAoK79VQbEKCkiXtg.html
12Qp_4etgJC5vm3jnyY_MI,https://domenicoandreucci.github.io/hbim-tachara/collections/12Qp_4etgJC5vm3jnyY_MI.html
13BY5R_91xpFynt2vXT8nO,https://domenicoandreucci.github.io/hbim-tachara/collections/13BY5R_91xpFynt2vXT8nO.html
13My5uICbArAeXu3X4hrib,https://domenicoandreucci.github.io/hbim-tachara/collections/13My5uICbArAeXu3X4hrib.html
14nlOZcJr0Au_Te0OdCeWo,https://domenicoandreucci.github.io/hbim-tachara/collections/14nlOZcJr0Au_Te0OdCeWo.html
15D8QeE79uyhfjDkaguqO7,https://domenicoandreucci.github.io/hbim-tachara/collections/15D8QeE79uyhfjDkaguqO7.html
15gq61wcD6j8XoL608p12u,https://domenicoandreucci.github.io/hbim-tachara/collections/15gq61wcD6j8XoL608p12u.html
16UFPEdVK0PKHv$iccztAR,https://domenicoandreucci.github.io/hbim-tachara/collections/16UFPEdVK0PKHv$iccztAR.html
16aPFVniDDjhzLRsyBfLoJ,https://domenicoandreucci.github.io/hbim-tachara/collections/16aPFVniDDjhzLRsyBfLoJ.html
17171vT7_N9Uh1OZh0P0ZT,https://domenicoandreucci.github.io/hbim-tachara/collections/17171vT7_N9Uh1OZh0P0ZT.html
186cTsW4H5VPBy1G3ePPAg,https://domenicoandreucci.github.io/hbim-tachara/collections/186cTsW4H5VPBy1G3ePPAg.html
19AVl$aOTD1eFOXyEKXBrO,https://domenicoandreucci.github.io/hbim-tachara/collections/19AVl$aOTD1eFOXyEKXBrO.html
1DQ5YoeXT6iBiS2k06Vqur,https://domenicoandreucci.github.io/hbim-tachara/collections/1DQ5YoeXT6iBiS2k06Vqur.html
1E2kuvj456OxPWHJRTdABP,https://domenicoandreucci.github.io/hbim-tachara/collections/1E2kuvj456OxPWHJRTdABP.html
1EhM5g9G7rd68IvXDfvkOG,https://domenicoandreucci.github.io/hbim-tachara/collections/1EhM5g9G7rd68IvXDfvkOG.html
1Eqb7W7RgZpCtZZczF7I13,https://domenicoandreucci.github.io/hbim-tachara/collections/1Eqb7W7RgZpCtZZczF7I13.html
1F55AyYGf6p8xPP0s2sZC1,https://domenicoandreucci.github.io/hbim-tachara/collections/1F55AyYGf6p8xPP0s2sZC1.html
1FGqPnLsvCkeUveD7gbkHj,https://domenicoandreucci.github.io/hbim-tachara/collections/1FGqPnLsvCkeUveD7gbkHj.html
1FPOZJO1T4uuoO8s35eseR,https://domenicoandreucci.github.io/hbim-tachara/collections/1FPOZJO1T4uuoO8s35eseR.html
1Fevj_StSmYpY3O7dQmWC3,https://domenicoandreucci.github.io/hbim-tachara/collections/1Fevj_StSmYpY3O7dQmWC3.html
1FnB4c$HTCpOhfKcH61wv6,https://domenicoandreucci.github.io/hbim-tachara/collections/1FnB4c$HTCpOhfKcH61wv6.html
1GdwHXVHn7nQu9BRz7XrcV,https://domenicoandreucci.github.io/hbim-tachara/collections/1GdwHXVHn7nQu9BRz7XrcV.html
1H7d7xyiYrD21Be7NHe6S5,https://domenicoandreucci.github.io/hbim-tachara/collections/1H7d7xyiYrD21Be7NHe6S5.html
1HbdIT9FH1cRbzuby5TNQz,https://domenicoandreucci.github.io/hbim-tachara/collections/1HbdIT9FH1cRbzuby5TNQz.html
1IVLrboMHCtha3H_W6DGrv,https://domenicoandreucci.github.io/hbim-tachara/collections/1IVLrboMHCtha3H_W6DGrv.html
1Id_pk_QQFiDzqw5zxczTl,https://domenicoandreucci.github.io/hbim-tachara/collections/1Id_pk_QQFiDzqw5zxczTl.html
1JklfUS$z3Au68Q6zApRhk,https://domenicoandreucci.github.io/hbim-tachara/collections/1JklfUS$z3Au68Q6zApRhk.html
1JtALIRGbjxFyy1YADHWqQ,https://domenicoandreucci.github.io/hbim-tachara/collections/1JtALIRGbjxFyy1YADHWqQ.html
1K8Wr9q6vy_Vp77mb5o7NU,https://domenicoandreucci.github.io/hbim-tachara/collections/1K8Wr9q6vy_Vp77mb5o7NU.html
1KZVs9C$D5JPFvjfUBxydA,https://domenicoandreucci.github.io/hbim-tachara/collections/1KZVs9C$D5JPFvjfUBxydA.html
1LGLplKAMvgEmG3PZEoIsC,https://domenicoandreucci.github.io/hbim-tachara/collections/1LGLplKAMvgEmG3PZEoIsC.html
1LmZovqhbBTh9BaJU8FEy$,https://domenicoandreucci.github.io/hbim-tachara/collections/1LmZovqhbBTh9BaJU8FEy$.html
1MMjhSNYjDWfMNkwEJ2m8Y,https://domenicoandreucci.github.io/hbim-tachara/collections/1MMjhSNYjDWfMNkwEJ2m8Y.html
1Ma$xkrLL6$f_4Id_Jmf3_,https://domenicoandreucci.github.io/hbim-tachara/collections/1Ma$xkrLL6$f_4Id_Jmf3_.html
1PBK3XQNzRkL$OTT3tFOnF,https://domenicoandreucci.github.io/hbim-tachara/collections/1PBK3XQNzRkL$OTT3tFOnF.html
1PfzugxDL8F8Ip4UCCcoz6,https://domenicoandreucci.github.io/hbim-tachara/collections/1PfzugxDL8F8Ip4UCCcoz6.html
1QQfkeJzrTtkgjFOdI6BTL,https://domenicoandreucci.github.io/hbim-tachara/collections/1QQfkeJzrTtkgjFOdI6BTL.html
1QhV7h2KTDXOqNzF$2VsFc,https://domenicoandreucci.github.io/hbim-tachara/collections/1QhV7h2KTDXOqNzF$2VsFc.html
1QwBkSUbdT2jJGnt319T6m,https://domenicoandreucci.github.io/hbim-tachara/collections/1QwBkSUbdT2jJGnt319T6m.html
1RfpuN6oPEbu6FN6fnetoC,https://domenicoandreucci.github.io/hbim-tachara/collections/1RfpuN6oPEbu6FN6fnetoC.html
1S84889WnCK8Tiz9$LtQmU,https://domenicoandreucci.github.io/hbim-tachara/collections/1S84889WnCK8Tiz9$LtQmU.html
1ShrtbFpQBcTr62HwouGI1,https://domenicoandreucci.github.io/hbim-tachara/collections/1ShrtbFpQBcTr62HwouGI1.html
1TCwDJEbjFqfwEpNFjWZFB,https://domenicoandreucci.github.io/hbim-tachara/collections/1TCwDJEbjFqfwEpNFjWZFB.html
1Tp9sKAT1EqhXPGwDfp8a2,https://domenicoandreucci.github.io/hbim-tachara/collections/1Tp9sKAT1EqhXPGwDfp8a2.html
1U47hoR_fCFgX9X4P5wEim,https://domenicoandreucci.github.io/hbim-tachara/collections/1U47hoR_fCFgX9X4P5wEim.html
1U7VSUvv5CUB3xK_dC3Ulb,https://domenicoandreucci.github.io/hbim-tachara/collections/1U7VSUvv5CUB3xK_dC3Ulb.html
1VmMXC5ynJEVNsWj1qXbnZ,https://domenicoandreucci.github.io/hbim-tachara/collections/1VmMXC5ynJEVNsWj1qXbnZ.html
1WLZIe2UH5xAO4y6LnI4vW,https://domenicoandreucci.github.io/hbim-tachara/collections/1WLZIe2UH5xAO4y6LnI4vW.html
1XFGmxmnlMtsKCiswavp5B,https://domenicoandreucci.github.io/hbim-tachara/collections/1XFGmxmnlMtsKCiswavp5B.html
1XU12k0958$vCTpAEiBjW$,https://domenicoandreucci.github.io/hbim-tachara/collections/1XU12k0958$vCTpAEiBjW$.html
1Y0flHdPKJ1JFMet84oPAD,https://domenicoandreucci.github.io/hbim-tachara/collections/1Y0flHdPKJ1JFMet84oPAD.html
1_0PWwM9WFkP4yslff6yS0,https://domenicoandreucci.github.io/hbim-tachara/collections/1_0PWwM9WFkP4yslff6yS0.html
1_Ir4DwxrN3aUGZG9THJTI,https://domenicoandreucci.github.io/hbim-tachara/collections/1_Ir4DwxrN3aUGZG9THJTI.html
1_QcacZ919JPSj0iQyb8Y_,https://domenicoandreucci.github.io/hbim-tachara/collections/1_QcacZ919JPSj0iQyb8Y_.html
1aAIjFaTKAQ40Cp3lQ8tLq,https://domenicoandreucci.github.io/hbim-tachara/collections/1aAIjFaTKAQ40Cp3lQ8tLq.html
1aE0JRgZD4FhZKLsWe05OG,https://domenicoandreucci.github.io/hbim-tachara/collections/1aE0JRgZD4FhZKLsWe05OG.html
1aQtbIkm56DgKWqnktY48M,https://domenicoandreucci.github.io/hbim-tachara/collections/1aQtbIkm56DgKWqnktY48M.html
1chrXrRZT2m9$q9cqO_zgQ,https://domenicoandreucci.github.io/hbim-tachara/collections/1chrXrRZT2m9$q9cqO_zgQ.html
1dUD0P7KH528ZIh7sI1JeH,https://domenicoandreucci.github.io/hbim-tachara/collections/1dUD0P7KH528ZIh7sI1JeH.html
1eDgKvdTh8HS7lR5Ij_xww,https://domenicoandreucci.github.io/hbim-tachara/collections/1eDgKvdTh8HS7lR5Ij_xww.html
1ecTXAVCeIcetzZDZQzlHV,https://domenicoandreucci.github.io/hbim-tachara/collections/1ecTXAVCeIcetzZDZQzlHV.html
1hRTObdBPCkvW0323uVW2B,https://domenicoandreucci.github.io/hbim-tachara/collections/1hRTObdBPCkvW0323uVW2B.html
1hbqo6IUA$GKSGvfeGLC3P,https://domenicoandreucci.github.io/hbim-tachara/collections/1hbqo6IUA$GKSGvfeGLC3P.html
1hgVweDNpu3zsS4leiQ$vo,https://domenicoandreucci.github.io/hbim-tachara/collections/1hgVweDNpu3zsS4leiQ$vo.html
1htrgkgM2qFrtWvl6sVYWU,https://domenicoandreucci.github.io/hbim-tachara/collections/1htrgkgM2qFrtWvl6sVYWU.html
1i3SgwCXrAfR0YDDG7bOU_,https://domenicoandreucci.github.io/hbim-tachara/collections/1i3SgwCXrAfR0YDDG7bOU_.html
1ikvMuX0c0E14C_QJXk$29,https://domenicoandreucci.github.io/hbim-tachara/collections/1ikvMuX0c0E14C_QJXk$29.html
1lNgjAATAOeUdFgTHJiCLl,https://domenicoandreucci.github.io/hbim-tachara/collections/1lNgjAATAOeUdFgTHJiCLl.html
1lfRlE9oL9wO76tbXU$ZH4,https://domenicoandreucci.github.io/hbim-tachara/collections/1lfRlE9oL9wO76tbXU$ZH4.html
1lz_srRqD3zv$iKmOEr0EY,https://domenicoandreucci.github.io/hbim-tachara/collections/1lz_srRqD3zv$iKmOEr0EY.html
1oeW3ZXor58gl4HYNrEMRD,https://domenicoandreucci.github.io/hbim-tachara/collections/1oeW3ZXor58gl4HYNrEMRD.html
1piLoz6TT_oAN4dFGW3yJW,https://domenicoandreucci.github.io/hbim-tachara/collections/1piLoz6TT_oAN4dFGW3yJW.html
1qePiFdMH5WPjWDp6EuPhl,https://domenicoandreucci.github.io/hbim-tachara/collections/1qePiFdMH5WPjWDp6EuPhl.html
1r9$zJnqfnyNjtPLhI3W_7,https://domenicoandreucci.github.io/hbim-tachara/collections/1r9$zJnqfnyNjtPLhI3W_7.html
1sC6wjAIrFMedqvIY_Q4Pd,https://domenicoandreucci.github.io/hbim-tachara/collections/1sC6wjAIrFMedqvIY_Q4Pd.html
1tk352VTU5CRHs2bClkjId,https://domenicoandreucci.github.io/hbim-tachara/collections/1tk352VTU5CRHs2bClkjId.html
1uF0nSK9j3TOMdQCJiZ3ez,https://domenicoandreucci.github.io/hbim-tachara/collections/1uF0nSK9j3TOMdQCJiZ3ez.html
1uJDZRvEn1yf1AUB1TyMLP,https://domenicoandreucci.github.io/hbim-tachara/collections/1uJDZRvEn1yf1AUB1TyMLP.html
1uln9p_qPCrOaYyAb3wXdD,https://domenicoandreucci.github.io/hbim-tachara/collections/1uln9p_qPCrOaYyAb3wXdD.html
1vRlSMtYegC6z$5KW6Oq6K,https://domenicoandreucci.github.io/hbim-tachara/collections/1vRlSMtYegC6z$5KW6Oq6K.html
1vqC78jL59BwBW3HHohMyZ,https://domenicoandreucci.github.io/hbim-tachara/collections/1vqC78jL59BwBW3HHohMyZ.html
1x5N2DsxX8KRJUVdrT6GX9,https://domenicoandreucci.github.io/hbim-tachara/collections/1x5N2DsxX8KRJUVdrT6GX9.html
1x_fZayHBQz6o6yNli3vSt,https://domenicoandreucci.github.io/hbim-tachara/collections/1x_fZayHBQz6o6yNli3vSt.html
1xb7wmqZr2yReHaofe1toB,https://domenicoandreucci.github.io/hbim-tachara/collections/1xb7wmqZr2yReHaofe1toB.html
1z5ek35Iz1_Q7S9qHb5s6S,https://domenicoandreucci.github.io/hbim-tachara/collections/1z5ek35Iz1_Q7S9qHb5s6S.html
1zVS4CwR90MfwujW0zu0E3,https://domenicoandreucci.github.io/hbim-tachara/collections/1zVS4CwR90MfwujW0zu0E3.html
1zhA8fP_D9g_qOurE7ibjy,https://domenicoandreucci.github.io/hbim-tachara/collections/1zhA8fP_D9g_qOurE7ibjy.html
1zivTl7qD3ReZsroD0Iaz2,https://domenicoandreucci.github.io/hbim-tachara/collections/1zivTl7qD3ReZsroD0Iaz2.html
2$5nn1MqD0FQYcKVImZvHK,https://domenicoandreucci.github.io/hbim-tachara/collections/2$5nn1MqD0FQYcKVImZvHK.html
2$A45VJlX2NQw$1LPdwUwx,https://domenicoandreucci.github.io/hbim-tachara/collections/2$A45VJlX2NQw$1LPdwUwx.html
208Uz_A_fCnP5yUZyrq3Ow,https://domenicoandreucci.github.io/hbim-tachara/collections/208Uz_A_fCnP5yUZyrq3Ow.html
20W4Jh56xm85OpD1h3MN5E,https://domenicoandreucci.github.io/hbim-tachara/collections/20W4Jh56xm85OpD1h3MN5E.html
20kn35LNa14RRoiRN6WyJ8,https://domenicoandreucci.github.io/hbim-tachara/collections/20kn35LNa14RRoiRN6WyJ8.html
21NrKpYnP5ZOUKWnL4fLqm,https://domenicoandreucci.github.io/hbim-tachara/collections/21NrKpYnP5ZOUKWnL4fLqm.html
21cWGuAygd_n4IR4644ie5,https://domenicoandreucci.github.io/hbim-tachara/collections/21cWGuAygd_n4IR4644ie5.html
23WpRhEkXBkOWE3eVrS7U8,https://domenicoandreucci.github.io/hbim-tachara/collections/23WpRhEkXBkOWE3eVrS7U8.html
23XxepnEb0vvYglIZqGIDM,https://domenicoandreucci.github.io/hbim-tachara/collections/23XxepnEb0vvYglIZqGIDM.html
24lHBiMWiYU7WaV6myNZBo,https://domenicoandreucci.github.io/hbim-tachara/collections/24lHBiMWiYU7WaV6myNZBo.html
24tnHk90L868PSW$hHCb1A,https://domenicoandreucci.github.io/hbim-tachara/collections/24tnHk90L868PSW$hHCb1A.html
250bHDZml3RoCxQWCDKZDg,https://domenicoandreucci.github.io/hbim-tachara/collections/250bHDZml3RoCxQWCDKZDg.html
25ctOXX2vDe9t$bXm9Odqn,https://domenicoandreucci.github.io/hbim-tachara/collections/25ctOXX2vDe9t$bXm9Odqn.html
25etpv4K5DoB4Gra900YtJ,https://domenicoandreucci.github.io/hbim-tachara/collections/25etpv4K5DoB4Gra900YtJ.html
25plUuapP79x2x4p0yZ2Zi,https://domenicoandreucci.github.io/hbim-tachara/collections/25plUuapP79x2x4p0yZ2Zi.html
26F6IjqVnBMPHNQi7I_onG,https://domenicoandreucci.github.io/hbim-tachara/collections/26F6IjqVnBMPHNQi7I_onG.html
26NPd87jBUdlYLeZDF3o2U,https://domenicoandreucci.github.io/hbim-tachara/collections/26NPd87jBUdlYLeZDF3o2U.html
26e$DpKpIz39XfHxMNrZHZ,https://domenicoandreucci.github.io/hbim-tachara/collections/26e$DpKpIz39XfHxMNrZHZ.html
27FPfhhLfDJeiblMtPRDzN,https://domenicoandreucci.github.io/hbim-tachara/collections/27FPfhhLfDJeiblMtPRDzN.html
27vI0y1hDI6oGykKR7yvbC,https://domenicoandreucci.github.io/hbim-tachara/collections/27vI0y1hDI6oGykKR7yvbC.html
284ezQ24jnNtKiMLelnoPO,https://domenicoandreucci.github.io/hbim-tachara/collections/284ezQ24jnNtKiMLelnoPO.html
28bUwV09TEPxTsAjz_1GHW,https://domenicoandreucci.github.io/hbim-tachara/collections/28bUwV09TEPxTsAjz_1GHW.html
29d$M5IOP4dglzdhcNgr$M,https://domenicoandreucci.github.io/hbim-tachara/collections/29d$M5IOP4dglzdhcNgr$M.html
2AZ9Ih3Nu7OfNm7AXGT21W,https://domenicoandreucci.github.io/hbim-tachara/collections/2AZ9Ih3Nu7OfNm7AXGT21W.html
2ByWWy05WtGNNPbSC1EviI,https://domenicoandreucci.github.io/hbim-tachara/collections/2ByWWy05WtGNNPbSC1EviI.html
2C6JrhEkb88fjXUZEuRSAK,https://domenicoandreucci.github.io/hbim-tachara/collections/2C6JrhEkb88fjXUZEuRSAK.html
2CpUJp5Hv3ih6MgCqjFZAv,https://domenicoandreucci.github.io/hbim-tachara/collections/2CpUJp5Hv3ih6MgCqjFZAv.html
2DPBKmpG59KveueFtwoCIZ,https://domenicoandreucci.github.io/hbim-tachara/collections/2DPBKmpG59KveueFtwoCIZ.html
2DQ_Snnw52C8DBwc6oNf4x,https://domenicoandreucci.github.io/hbim-tachara/collections/2DQ_Snnw52C8DBwc6oNf4x.html
2DgoS9PynAPB3Dwpx2koiG,https://domenicoandreucci.github.io/hbim-tachara/collections/2DgoS9PynAPB3Dwpx2koiG.html
2Dh$trVoXAkOBouKBFlC$h,https://domenicoandreucci.github.io/hbim-tachara/collections/2Dh$trVoXAkOBouKBFlC$h.html
2EO7kUmKHUlILn3W0WJHxU,https://domenicoandreucci.github.io/hbim-tachara/collections/2EO7kUmKHUlILn3W0WJHxU.html
2ET1bkKknGxMGqtcTzqMrU,https://domenicoandreucci.github.io/hbim-tachara/collections/2ET1bkKknGxMGqtcTzqMrU.html
2EycrHWSf4qBf1t53mV_32,https://domenicoandreucci.github.io/hbim-tachara/collections/2EycrHWSf4qBf1t53mV_32.html
2FEAs_ERVUhcJ8S6FliSoY,https://domenicoandreucci.github.io/hbim-tachara/collections/2FEAs_ERVUhcJ8S6FliSoY.html
2G1HUlVdL0mRLCJMhQdQB2,https://domenicoandreucci.github.io/hbim-tachara/collections/2G1HUlVdL0mRLCJMhQdQB2.html
2GKaUyIz58JRKMbVZWHmth,https://domenicoandreucci.github.io/hbim-tachara/collections/2GKaUyIz58JRKMbVZWHmth.html
2GOVh3N55A_Be21C2XtCNu,https://domenicoandreucci.github.io/hbim-tachara/collections/2GOVh3N55A_Be21C2XtCNu.html
2GovuEE1QFnvMS4XDlqyxA,https://domenicoandreucci.github.io/hbim-tachara/collections/2GovuEE1QFnvMS4XDlqyxA.html
2Gwf7vF592UPe9DJICvXYW,https://domenicoandreucci.github.io/hbim-tachara/collections/2Gwf7vF592UPe9DJICvXYW.html
2II1mp$I5FEuM4umMlV7E8,https://domenicoandreucci.github.io/hbim-tachara/collections/2II1mp$I5FEuM4umMlV7E8.html
2K5W35gXfVu_AQcb98cP7u,https://domenicoandreucci.github.io/hbim-tachara/collections/2K5W35gXfVu_AQcb98cP7u.html
2KEsdDmLwn_LXECVQSWR_I,https://domenicoandreucci.github.io/hbim-tachara/collections/2KEsdDmLwn_LXECVQSWR_I.html
2O3MsVR5coAMZKDAKLqPsp,https://domenicoandreucci.github.io/hbim-tachara/collections/2O3MsVR5coAMZKDAKLqPsp.html
2QqP6u$UL7oeVNqHz8Zp26,https://domenicoandreucci.github.io/hbim-tachara/collections/2QqP6u$UL7oeVNqHz8Zp26.html
2R9imZq49Fu92ytlsNNzFW,https://domenicoandreucci.github.io/hbim-tachara/collections/2R9imZq49Fu92ytlsNNzFW.html
2RXT4PludHA3sJG_uFBPok,https://domenicoandreucci.github.io/hbim-tachara/collections/2RXT4PludHA3sJG_uFBPok.html
2Ri7pI_uYH$5RCgGS8pM8Y,https://domenicoandreucci.github.io/hbim-tachara/collections/2Ri7pI_uYH$5RCgGS8pM8Y.html
2SSM0CHoX2sv4XOMcg$o7S,https://domenicoandreucci.github.io/hbim-tachara/collections/2SSM0CHoX2sv4XOMcg$o7S.html
2T3qOG7NO66fFKINXaytPe,https://domenicoandreucci.github.io/hbim-tachara/collections/2T3qOG7NO66fFKINXaytPe.html
2TL0awDqP3LhPfdEIm9vFD,https://domenicoandreucci.github.io/hbim-tachara/collections/2TL0awDqP3LhPfdEIm9vFD.html
2TeEaY5ukvdfs$NFonC2YU,https://domenicoandreucci.github.io/hbim-tachara/collections/2TeEaY5ukvdfs$NFonC2YU.html
2TjGf3$Bj179n7mUk4qtQy,https://domenicoandreucci.github.io/hbim-tachara/collections/2TjGf3$Bj179n7mUk4qtQy.html
2U32BRNUX2pwnYJ8HUUDmE,https://domenicoandreucci.github.io/hbim-tachara/collections/2U32BRNUX2pwnYJ8HUUDmE.html
2UKibexi2qvLQsIloDx6bM,https://domenicoandreucci.github.io/hbim-tachara/collections/2UKibexi2qvLQsIloDx6bM.html
2USitRjpzE2fI4GHupooem,https://domenicoandreucci.github.io/hbim-tachara/collections/2USitRjpzE2fI4GHupooem.html
2UbUnNCQSZG2DipoeaDkvl,https://domenicoandreucci.github.io/hbim-tachara/collections/2UbUnNCQSZG2DipoeaDkvl.html
2UeXXKEJUXRomhBJWMiY_5,https://domenicoandreucci.github.io/hbim-tachara/collections/2UeXXKEJUXRomhBJWMiY_5.html
2V3B_99EbDrA3cSOw5ndIl,https://domenicoandreucci.github.io/hbim-tachara/collections/2V3B_99EbDrA3cSOw5ndIl.html
2WSpkMd615EhBikNBMFbW0,https://domenicoandreucci.github.io/hbim-tachara/collections/2WSpkMd615EhBikNBMFbW0.html
2X26Rf5nvF1PIIetmVgnaJ,https://domenicoandreucci.github.io/hbim-tachara/collections/2X26Rf5nvF1PIIetmVgnaJ.html
2XybHHGEZSe84Ds$BmVd8z,https://domenicoandreucci.github.io/hbim-tachara/collections/2XybHHGEZSe84Ds$BmVd8z.html
2ZBdI41Zr8ZOcZGdNxaCzQ,https://domenicoandreucci.github.io/hbim-tachara/collections/2ZBdI41Zr8ZOcZGdNxaCzQ.html
2ZDUAFbat6GE2I0dTp5WJY,https://domenicoandreucci.github.io/hbim-tachara/collections/2ZDUAFbat6GE2I0dTp5WJY.html
2_JWtMk1X5evLuMd_KPh5V,https://domenicoandreucci.github.io/hbim-tachara/collections/2_JWtMk1X5evLuMd_KPh5V.html
2_d12lNMFLSU53xyyD3hFQ,https://domenicoandreucci.github.io/hbim-tachara/collections/2_d12lNMFLSU53xyyD3hFQ.html
2aWXXA4vb0F83k4stYleCs,https://domenicoandreucci.github.io/hbim-tachara/collections/2aWXXA4vb0F83k4stYleCs.html
2batdR01r5L9fWz0qozYi7,https://domenicoandreucci.github.io/hbim-tachara/collections/2batdR01r5L9fWz0qozYi7.html
2d1kxYxZ911f0VDDtWSgN8,https://domenicoandreucci.github.io/hbim-tachara/collections/2d1kxYxZ911f0VDDtWSgN8.html
2dtRycMLLd0IA$3_LxCmwn,https://domenicoandreucci.github.io/hbim-tachara/collections/2dtRycMLLd0IA$3_LxCmwn.html
2eLJhhbnXFSuDSVqxAECiW,https://domenicoandreucci.github.io/hbim-tachara/collections/2eLJhhbnXFSuDSVqxAECiW.html
2eaVS0ki51$QziYsw4goZy,https://domenicoandreucci.github.io/hbim-tachara/collections/2eaVS0ki51$QziYsw4goZy.html
2fNOmMwq7hcvJ9qGjYuWQH,https://domenicoandreucci.github.io/hbim-tachara/collections/2fNOmMwq7hcvJ9qGjYuWQH.html
2fYPlZuVvTQ2qcFQN8nWm8,https://domenicoandreucci.github.io/hbim-tachara/collections/2fYPlZuVvTQ2qcFQN8nWm8.html
2gomvLgsDEjO6bF_esdO61,https://domenicoandreucci.github.io/hbim-tachara/collections/2gomvLgsDEjO6bF_esdO61.html
2ji70t59id25N8fhRg6sAf,https://domenicoandreucci.github.io/hbim-tachara/collections/2ji70t59id25N8fhRg6sAf.html
2lR9fLzkD4aRS3iJ1uJyio,https://domenicoandreucci.github.io/hbim-tachara/collections/2lR9fLzkD4aRS3iJ1uJyio.html
2mCuzu1Bv1t96wuDS3qW$b,https://domenicoandreucci.github.io/hbim-tachara/collections/2mCuzu1Bv1t96wuDS3qW$b.html
2mY_m1MoL4lQrI5BxGSrm4,https://domenicoandreucci.github.io/hbim-tachara/collections/2mY_m1MoL4lQrI5BxGSrm4.html
2mraI6GWLCbP9R7AormAuz,https://domenicoandreucci.github.io/hbim-tachara/collections/2mraI6GWLCbP9R7AormAuz.html
2mxF_7qEJafsz84ZSdlGs6,https://domenicoandreucci.github.io/hbim-tachara/collections/2mxF_7qEJafsz84ZSdlGs6.html
2nrZyK_ZQL2A8Jme8mqpjJ,https://domenicoandreucci.github.io/hbim-tachara/collections/2nrZyK_ZQL2A8Jme8mqpjJ.html
2oTJbkS3D8Kwffc_MC$Cml,https://domenicoandreucci.github.io/hbim-tachara/collections/2oTJbkS3D8Kwffc_MC$Cml.html
2ofQiy5Eb_cFya433eTm0p,https://domenicoandreucci.github.io/hbim-tachara/collections/2ofQiy5Eb_cFya433eTm0p.html
2pyq8UJzf2GBlTL0iCkW4v,https://domenicoandreucci.github.io/hbim-tachara/collections/2pyq8UJzf2GBlTL0iCkW4v.html
2qxXWNcQL0wORXDuGqtUOh,https://domenicoandreucci.github.io/hbim-tachara/collections/2qxXWNcQL0wORXDuGqtUOh.html
2s3FC13Yb09924fi7mJRs4,https://domenicoandreucci.github.io/hbim-tachara/collections/2s3FC13Yb09924fi7mJRs4.html
2sZv626WzUFLPeXRNk4J6L,https://domenicoandreucci.github.io/hbim-tachara/collections/2sZv626WzUFLPeXRNk4J6L.html
2tVDfNdlmVkcrwmOZWvjz4,https://domenicoandreucci.github.io/hbim-tachara/collections/2tVDfNdlmVkcrwmOZWvjz4.html
2uthVaoMLDy9wAEfzjcZ9k,https://domenicoandreucci.github.io/hbim-tachara/collections/2uthVaoMLDy9wAEfzjcZ9k.html
2uvEb$hgH4OvaQQ$IJjYJY,https://domenicoandreucci.github.io/hbim-tachara/collections/2uvEb$hgH4OvaQQ$IJjYJY.html
2v2lx$Hmb_Cw9IkJHFDb6a,https://domenicoandreucci.github.io/hbim-tachara/collections/2v2lx$Hmb_Cw9IkJHFDb6a.html
2vp4G1cCLAUvEVG2lKD7KJ,https://domenicoandreucci.github.io/hbim-tachara/collections/2vp4G1cCLAUvEVG2lKD7KJ.html
2wCEDcjDF7ZB2qDjdKgd4v,https://domenicoandreucci.github.io/hbim-tachara/collections/2wCEDcjDF7ZB2qDjdKgd4v.html
2xHuD8HeT5mvvt0yylri3$,https://domenicoandreucci.github.io/hbim-tachara/collections/2xHuD8HeT5mvvt0yylri3$.html
2y99nBDkHBfAVluQjI7Y0z,https://domenicoandreucci.github.io/hbim-tachara/collections/2y99nBDkHBfAVluQjI7Y0z.html
2yjwPQP3L17xEXpNoS9Eu1,https://domenicoandreucci.github.io/hbim-tachara/collections/2yjwPQP3L17xEXpNoS9Eu1.html
2z0m$Z7HTAjA7IcaqaoRo9,https://domenicoandreucci.github.io/hbim-tachara/collections/2z0m$Z7HTAjA7IcaqaoRo9.html
33WQHWxzD7gPcT6iTkxEev,https://domenicoandreucci.github.io/hbim-tachara/collections/33WQHWxzD7gPcT6iTkxEev.html
341J7ovcdrIG9dHsaZ8LZ$,https://domenicoandreucci.github.io/hbim-tachara/collections/341J7ovcdrIG9dHsaZ8LZ$.html
35I6dz5YH6rQC2umONi2gr,https://domenicoandreucci.github.io/hbim-tachara/collections/35I6dz5YH6rQC2umONi2gr.html
35YT2KBZXEABQ8lqB81xF9,https://domenicoandreucci.github.io/hbim-tachara/collections/35YT2KBZXEABQ8lqB81xF9.html
35qvIyz0ItT3XEn7U22SIO,https://domenicoandreucci.github.io/hbim-tachara/collections/35qvIyz0ItT3XEn7U22SIO.html
363dRsyYzCQgV715_ybpSW,https://domenicoandreucci.github.io/hbim-tachara/collections/363dRsyYzCQgV715_ybpSW.html
365fMhA913Uf6PSO2CcFtj,https://domenicoandreucci.github.io/hbim-tachara/collections/365fMhA913Uf6PSO2CcFtj.html
367wNZzmeXKIpaRk75CNyR,https://domenicoandreucci.github.io/hbim-tachara/collections/367wNZzmeXKIpaRk75CNyR.html
36kAS1khbAKumqgY4fARw0,https://domenicoandreucci.github.io/hbim-tachara/collections/36kAS1khbAKumqgY4fARw0.html
38PvisGL5IOukjemxSGFZ6,https://domenicoandreucci.github.io/hbim-tachara/collections/38PvisGL5IOukjemxSGFZ6.html
38QDifEjz0d8sb$aaCo8uY,https://domenicoandreucci.github.io/hbim-tachara/collections/38QDifEjz0d8sb$aaCo8uY.html
38YuHHefn8DhIfGyIr_bs_,https://domenicoandreucci.github.io/hbim-tachara/collections/38YuHHefn8DhIfGyIr_bs_.html
396gN$nfP7rAQw0E1F$lFY,https://domenicoandreucci.github.io/hbim-tachara/collections/396gN$nfP7rAQw0E1F$lFY.html
39GJ9ORM2AdzRAPEEdONPL,https://domenicoandreucci.github.io/hbim-tachara/collections/39GJ9ORM2AdzRAPEEdONPL.html
39ZFXvVGH5wu_5xiGww27$,https://domenicoandreucci.github.io/hbim-tachara/collections/39ZFXvVGH5wu_5xiGww27$.html
3A3gEssveb3L7YebSlg2zy,https://domenicoandreucci.github.io/hbim-tachara/collections/3A3gEssveb3L7YebSlg2zy.html
3AJzAu3EH7A9HeIPb1wOT7,https://domenicoandreucci.github.io/hbim-tachara/collections/3AJzAu3EH7A9HeIPb1wOT7.html
3ANPcIpQf3seiQT4zuQArf,https://domenicoandreucci.github.io/hbim-tachara/collections/3ANPcIpQf3seiQT4zuQArf.html
3AYKLOZbWgPaJV8vUibT7e,https://domenicoandreucci.github.io/hbim-tachara/collections/3AYKLOZbWgPaJV8vUibT7e.html
3AuOdt1WPF8AxXGPBEmmQD,https://domenicoandreucci.github.io/hbim-tachara/collections/3AuOdt1WPF8AxXGPBEmmQD.html
3BT10Qu3BA0OfqHDaYA0X8,https://domenicoandreucci.github.io/hbim-tachara/collections/3BT10Qu3BA0OfqHDaYA0X8.html
3CFAxZGuP8GQiPLgdY2B1h,https://domenicoandreucci.github.io/hbim-tachara/collections/3CFAxZGuP8GQiPLgdY2B1h.html
3DW_BptwziYZ0csLzHj1Ou,https://domenicoandreucci.github.io/hbim-tachara/collections/3DW_BptwziYZ0csLzHj1Ou.html
3Dt9RYB$H27hJ2wNQsdaFs,https://domenicoandreucci.github.io/hbim-tachara/collections/3Dt9RYB$H27hJ2wNQsdaFs.html
3FaqkYHeHD5QHPPMh4ZYoT,https://domenicoandreucci.github.io/hbim-tachara/collections/3FaqkYHeHD5QHPPMh4ZYoT.html
3FlfzJgzHBMhg94lv6XMTW,https://domenicoandreucci.github.io/hbim-tachara/collections/3FlfzJgzHBMhg94lv6XMTW.html
3GRFDp$5T5fPI0YddP8RnM,https://domenicoandreucci.github.io/hbim-tachara/collections/3GRFDp$5T5fPI0YddP8RnM.html
3Gg7JPZEA1xR3SBky4TLvu,https://domenicoandreucci.github.io/hbim-tachara/collections/3Gg7JPZEA1xR3SBky4TLvu.html
3GqY22Cvj7seEN$6klgci3,https://domenicoandreucci.github.io/hbim-tachara/collections/3GqY22Cvj7seEN$6klgci3.html
3HRomNEZNODhRviZ1sTxp_,https://domenicoandreucci.github.io/hbim-tachara/collections/3HRomNEZNODhRviZ1sTxp_.html
3Hf5ZNKsnB_gqDHcvSFTW6,https://domenicoandreucci.github.io/hbim-tachara/collections/3Hf5ZNKsnB_gqDHcvSFTW6.html
3HjsonxJPCBv_q6b8UqGNU,https://domenicoandreucci.github.io/hbim-tachara/collections/3HjsonxJPCBv_q6b8UqGNU.html
3IBLfoy7HAkONTaV3AG_c9,https://domenicoandreucci.github.io/hbim-tachara/collections/3IBLfoy7HAkONTaV3AG_c9.html
3JuVhlboL7S55cp08bYoas,https://domenicoandreucci.github.io/hbim-tachara/collections/3JuVhlboL7S55cp08bYoas.html
3KmWwaSxdWu2KaR7nOUVEB,https://domenicoandreucci.github.io/hbim-tachara/collections/3KmWwaSxdWu2KaR7nOUVEB.html
3LEJk72MHEyBPphYfspULN,https://domenicoandreucci.github.io/hbim-tachara/collections/3LEJk72MHEyBPphYfspULN.html
3LYBRlU_z3oO$0TEYaY5om,https://domenicoandreucci.github.io/hbim-tachara/collections/3LYBRlU_z3oO$0TEYaY5om.html
3LZGaE7QP4BBFq3tWvqBGD,https://domenicoandreucci.github.io/hbim-tachara/collections/3LZGaE7QP4BBFq3tWvqBGD.html
3MRBKNW6H43v$g5Spt7VGY,https://domenicoandreucci.github.io/hbim-tachara/collections/3MRBKNW6H43v$g5Spt7VGY.html
3MS1fN6JbEsf_LBfzXlPuw,https://domenicoandreucci.github.io/hbim-tachara/collections/3MS1fN6JbEsf_LBfzXlPuw.html
3NC19Q3Lz3QUFVTJIuQ8_8,https://domenicoandreucci.github.io/hbim-tachara/collections/3NC19Q3Lz3QUFVTJIuQ8_8.html
3OCuelQyPDjO0uIdXfOXez,https://domenicoandreucci.github.io/hbim-tachara/collections/3OCuelQyPDjO0uIdXfOXez.html
3OWgCEsdz19gD2Wh6Yr$eg,https://domenicoandreucci.github.io/hbim-tachara/collections/3OWgCEsdz19gD2Wh6Yr$eg.html
3P0JxTBILABR6Mz$0K41_q,https://domenicoandreucci.github.io/hbim-tachara/collections/3P0JxTBILABR6Mz$0K41_q.html
3PB7iYZyTCwgEQTq0D2XVm,https://domenicoandreucci.github.io/hbim-tachara/collections/3PB7iYZyTCwgEQTq0D2XVm.html
3PCOf2TYH6mQKLOdTvX_3t,https://domenicoandreucci.github.io/hbim-tachara/collections/3PCOf2TYH6mQKLOdTvX_3t.html
3PY4J7TyR3aXWQqd_luTLd,https://domenicoandreucci.github.io/hbim-tachara/collections/3PY4J7TyR3aXWQqd_luTLd.html
3Qn81Stxz1BB4R3mX5iy6y,https://domenicoandreucci.github.io/hbim-tachara/collections/3Qn81Stxz1BB4R3mX5iy6y.html
3RGW8R1j15bg_IsUD$EteR,https://domenicoandreucci.github.io/hbim-tachara/collections/3RGW8R1j15bg_IsUD$EteR.html
3RNCiA3f35DI_lOi0OAj$X,https://domenicoandreucci.github.io/hbim-tachara/collections/3RNCiA3f35DI_lOi0OAj$X.html
3SCKN_fd53XO_m83NI2BXs,https://domenicoandreucci.github.io/hbim-tachara/collections/3SCKN_fd53XO_m83NI2BXs.html
3SL5ELn1bBuvpPFy19aQQL,https://domenicoandreucci.github.io/hbim-tachara/collections/3SL5ELn1bBuvpPFy19aQQL.html
3So6jJAYzBFwzL8XxxSd4k,https://domenicoandreucci.github.io/hbim-tachara/collections/3So6jJAYzBFwzL8XxxSd4k.html
3Som6I1sn9cAk2_HuMcC1n,https://domenicoandreucci.github.io/hbim-tachara/collections/3Som6I1sn9cAk2_HuMcC1n.html
3T$srlwWj4HuSG8m9WVt9A,https://domenicoandreucci.github.io/hbim-tachara/collections/3T$srlwWj4HuSG8m9WVt9A.html
3T8UVpsPvsy4iyhc5Siy2W,https://domenicoandreucci.github.io/hbim-tachara/collections/3T8UVpsPvsy4iyhc5Siy2W.html
3TRJYkI0z588XD_89IPN8j,https://domenicoandreucci.github.io/hbim-tachara/collections/3TRJYkI0z588XD_89IPN8j.html
3TqklqYkDFIOQ$DhTTKK7d,https://domenicoandreucci.github.io/hbim-tachara/collections/3TqklqYkDFIOQ$DhTTKK7d.html
3U19j8CWM_lssESGLXCwd2,https://domenicoandreucci.github.io/hbim-tachara/collections/3U19j8CWM_lssESGLXCwd2.html
3UNzwYPW$x8qXmAzw9aR8d,https://domenicoandreucci.github.io/hbim-tachara/collections/3UNzwYPW$x8qXmAzw9aR8d.html
3UQHmTac95du8JhLmZcxSL,https://domenicoandreucci.github.io/hbim-tachara/collections/3UQHmTac95du8JhLmZcxSL.html
3URs$8Fgv4ThKEunJWD1Rk,https://domenicoandreucci.github.io/hbim-tachara/collections/3URs$8Fgv4ThKEunJWD1Rk.html
3UubP7UldUjeQ7mG34wYNq,https://domenicoandreucci.github.io/hbim-tachara/collections/3UubP7UldUjeQ7mG34wYNq.html
3VX5h4bdn6sv2c9cG$vuDV,https://domenicoandreucci.github.io/hbim-tachara/collections/3VX5h4bdn6sv2c9cG$vuDV.html
3WKFWocGH5WvjmISZsHG5U,https://domenicoandreucci.github.io/hbim-tachara/collections/3WKFWocGH5WvjmISZsHG5U.html
3W_4WiqPj0wxtKEIfa3aaW,https://domenicoandreucci.github.io/hbim-tachara/collections/3W_4WiqPj0wxtKEIfa3aaW.html
3Wmja3_qvFYRoPM55NaGOn,https://domenicoandreucci.github.io/hbim-tachara/collections/3Wmja3_qvFYRoPM55NaGOn.html
3XgvK0CNP2XQgurmb77C2p,https://domenicoandreucci.github.io/hbim-tachara/collections/3XgvK0CNP2XQgurmb77C2p.html
3Xq_N0diOk6NsAmv0SR5lz,https://domenicoandreucci.github.io/hbim-tachara/collections/3Xq_N0diOk6NsAmv0SR5lz.html
3YUTpeIWv0lQoij3NarZh$,https://domenicoandreucci.github.io/hbim-tachara/collections/3YUTpeIWv0lQoij3NarZh$.html
3YeWhT0MzeYXZ8qtlNEbVc,https://domenicoandreucci.github.io/hbim-tachara/collections/3YeWhT0MzeYXZ8qtlNEbVc.html
3Yn7q3zID4Ehdl_8ENbnFs,https://domenicoandreucci.github.io/hbim-tachara/collections/3Yn7q3zID4Ehdl_8ENbnFs.html
3ZrncD$ib4NRlsV1n6iZiF,https://domenicoandreucci.github.io/hbim-tachara/collections/3ZrncD$ib4NRlsV1n6iZiF.html
3a3ZQdYqH0SRv1KfFpLm1s,https://domenicoandreucci.github.io/hbim-tachara/collections/3a3ZQdYqH0SRv1KfFpLm1s.html
3a3wkijdD9RArBOixa6CFt,https://domenicoandreucci.github.io/hbim-tachara/collections/3a3wkijdD9RArBOixa6CFt.html
3aWLNxQxbAWUJ9Nkdc8Ru6,https://domenicoandreucci.github.io/hbim-tachara/collections/3aWLNxQxbAWUJ9Nkdc8Ru6.html
3aWjucfH9BkB2uwHm9omXF,https://domenicoandreucci.github.io/hbim-tachara/collections/3aWjucfH9BkB2uwHm9omXF.html
3b4PJKr5L7ihCysBfi8OH9,https://domenicoandreucci.github.io/hbim-tachara/collections/3b4PJKr5L7ihCysBfi8OH9.html
3cHzHXmbT9CQ1jevnDOT7r,https://domenicoandreucci.github.io/hbim-tachara/collections/3cHzHXmbT9CQ1jevnDOT7r.html
3dCXPVH8v5SeFb2vHo3UI3,https://domenicoandreucci.github.io/hbim-tachara/collections/3dCXPVH8v5SeFb2vHo3UI3.html
3dEzGyITYkvzqOPWuxsOAP,https://domenicoandreucci.github.io/hbim-tachara/collections/3dEzGyITYkvzqOPWuxsOAP.html
3eSkJ$rvD70OFNVd_UIri7,https://domenicoandreucci.github.io/hbim-tachara/collections/3eSkJ$rvD70OFNVd_UIri7.html
3emgGKbb7rErKm9sKOpGpr,https://domenicoandreucci.github.io/hbim-tachara/collections/3emgGKbb7rErKm9sKOpGpr.html
3eqURGks9FRMh_OOId5iv4,https://domenicoandreucci.github.io/hbim-tachara/collections/3eqURGks9FRMh_OOId5iv4.html
3fd0ugohvFA5$Oy28dQsQU,https://domenicoandreucci.github.io/hbim-tachara/collections/3fd0ugohvFA5$Oy28dQsQU.html
3fxOqhcOz7WfP9QGDv1iPu,https://domenicoandreucci.github.io/hbim-tachara/collections/3fxOqhcOz7WfP9QGDv1iPu.html
3g3uSakAwZwZUDmcN_0PRb,https://domenicoandreucci.github.io/hbim-tachara/collections/3g3uSakAwZwZUDmcN_0PRb.html
3gTLRUomTE2vw$oHn7S1aY,https://domenicoandreucci.github.io/hbim-tachara/collections/3gTLRUomTE2vw$oHn7S1aY.html
3gWkLo7p6GiE7ppraDPc_c,https://domenicoandreucci.github.io/hbim-tachara/collections/3gWkLo7p6GiE7ppraDPc_c.html
3gi0qVeOKc4G8KKvBgCSZJ,https://domenicoandreucci.github.io/hbim-tachara/collections/3gi0qVeOKc4G8KKvBgCSZJ.html
3gjRc2_0S5FZCVin76q5zw,https://domenicoandreucci.github.io/hbim-tachara/collections/3gjRc2_0S5FZCVin76q5zw.html
3hOt_9B7_SgkPusyyTnZ4E,https://domenicoandreucci.github.io/hbim-tachara/collections/3hOt_9B7_SgkPusyyTnZ4E.html
3hg412c2lyoqcn6dMse8DQ,https://domenicoandreucci.github.io/hbim-tachara/collections/3hg412c2lyoqcn6dMse8DQ.html
3hmchL8_b4$xsEtA5zxBsz,https://domenicoandreucci.github.io/hbim-tachara/collections/3hmchL8_b4$xsEtA5zxBsz.html
3iELPtHNH3deTT9wAF0a_J,https://domenicoandreucci.github.io/hbim-tachara/collections/3iELPtHNH3deTT9wAF0a_J.html
3iG$GZ8_PuA8UX3qLPSmMH,https://domenicoandreucci.github.io/hbim-tachara/collections/3iG$GZ8_PuA8UX3qLPSmMH.html
3iXFqgMCPuiiuIJ_Aon0vy,https://domenicoandreucci.github.io/hbim-tachara/collections/3iXFqgMCPuiiuIJ_Aon0vy.html
3ibdOLopX3dw0aqIRxUdPp,https://domenicoandreucci.github.io/hbim-tachara/collections/3ibdOLopX3dw0aqIRxUdPp.html
3jfvXlXp8utvibffYGkbBc,https://domenicoandreucci.github.io/hbim-tachara/collections/3jfvXlXp8utvibffYGkbBc.html
3lCqmyw9ubkN6Zv0QJ$7UR,https://domenicoandreucci.github.io/hbim-tachara/collections/3lCqmyw9ubkN6Zv0QJ$7UR.html
3m2FFgMlD0RQVpLHhjs6KU,https://domenicoandreucci.github.io/hbim-tachara/collections/3m2FFgMlD0RQVpLHhjs6KU.html
3mQ0btIyG7YBXmRDI1VHrr,https://domenicoandreucci.github.io/hbim-tachara/collections/3mQ0btIyG7YBXmRDI1VHrr.html
3mXG_sqLvEpxPG109L0wJi,https://domenicoandreucci.github.io/hbim-tachara/collections/3mXG_sqLvEpxPG109L0wJi.html
3me9jHikPA392A68PclyQ4,https://domenicoandreucci.github.io/hbim-tachara/collections/3me9jHikPA392A68PclyQ4.html
3nfPwrt06lz5X7k1FhxeXE,https://domenicoandreucci.github.io/hbim-tachara/collections/3nfPwrt06lz5X7k1FhxeXE.html
3nhtnz7jj0MBWlYKbLB3k5,https://domenicoandreucci.github.io/hbim-tachara/collections/3nhtnz7jj0MBWlYKbLB3k5.html
3pqhyY6h86IOEWkV2CKqZA,https://domenicoandreucci.github.io/hbim-tachara/collections/3pqhyY6h86IOEWkV2CKqZA.html
3txwZ4msj5_wgQ7EUVv1Sw,https://domenicoandreucci.github.io/hbim-tachara/collections/3txwZ4msj5_wgQ7EUVv1Sw.html
3uVbxC60r8ig5VWxH29_bD,https://domenicoandreucci.github.io/hbim-tachara/collections/3uVbxC60r8ig5VWxH29_bD.html
3us$eTp6HElAGO1yJK9QMR,https://domenicoandreucci.github.io/hbim-tachara/collections/3us$eTp6HElAGO1yJK9QMR.html
3v7litocnFFeUjLeUv0386,https://domenicoandreucci.github.io/hbim-tachara/collections/3v7litocnFFeUjLeUv0386.html
3vSC6xxqrEgQbPWB9pEKFt,https://domenicoandreucci.github.io/hbim-tachara/collections/3vSC6xxqrEgQbPWB9pEKFt.html
3vwX4ZMInE3gKcSy0IhO5P,https://domenicoandreucci.github.io/hbim-tachara/collections/3vwX4ZMInE3gKcSy0IhO5P.html
3x1HjxVuzER90dTIRk8ITv,https://domenicoandreucci.github.io/hbim-tachara/collections/3x1HjxVuzER90dTIRk8ITv.html
3ymfcF2zzCFu2qbOn7D1Uq,https://domenicoandreucci.github.io/hbim-tachara/collections/3ymfcF2zzCFu2qbOn7D1Uq.html
3yoCzITU58kPlzyi86HSrC,https://domenicoandreucci.github.io/hbim-tachara/collections/3yoCzITU58kPlzyi86HSrC.html
3zgyAErhnBGPcb1e6pTDqs,https://domenicoandreucci.github.io/hbim-tachara/collections/3zgyAErhnBGPcb1e6pTDqs.html
3ztEPGjbr2ch8bLt9cGO1B,https://domenicoandreucci.github.io/hbim-tachara/collections/3ztEPGjbr2ch8bLt9cGO1B.html
3zxGmDIyTPPvt0vZfHrnhw,https://domenicoandreucci.github.io/hbim-tachara/collections/3zxGmDIyTPPvt0vZfHrnhw.html
